id,name_en-GB,name_de-DE,name_ch-DE,name_nl-NL,location_tour32,country_id,state_id,region_id,cid_primarix,id_primarix
1,Honolulu,Honolulu,Honolulu,Honolulu,896,61,,134,51,121451
2,Kailua-Kona,Kailua-Kona,Kailua-Kona,Kailua-Kona,,61,,129,51,121383
3,Buenos Aires,Buenos Aires,Buenos Aires,Buenos Aires,278,3,,,51,3795
4,El Calafate,El Calafate,El Calafate,El Calafate,604,3,,3,51,3812
5,El Chalten,El Chalten,El Chalten,El Chalten,605,3,,,,
6,"La Merced Chica, Salta","La Merced Chica, Salta","La Merced Chica, Salta","La Merced Chica, Salta",,3,,2,,
7,"Maipu, Mendoza","Maipu, Mendoza","Maipu, Mendoza","Maipu, Mendoza",,3,,4,,
8,Puerto Iguazu,Puerto Iguazu,Puerto Iguazu,Puerto Iguazu,1968,3,,,,
9,"Puerto Madero, Buenos Aires","Puerto Madero, Buenos Aires","Puerto Madero, Buenos Aires","Puerto Madero, Buenos Aires",,3,,,,
10,Salta,Salta,Salta,Salta,2120,3,,2,51,6224
11,Ushuaia,Ushuaia,Ushuaia,Ushuaia,2513,3,,1,51,3807
12,"Ushuaia, Tierra del Fuego","Ushuaia, Tierra del Fuego","Ushuaia, Tierra del Fuego","Ushuaia, Tierra del Fuego",,3,,,,
13,Eagle Beach,Eagle Beach,Eagle Beach,Eagle Beach,,4,,,,
14,Adelaide,Adelaide,Adelaide,Adelaide,14,6,5,20,51,3333
15,Agnes Water,Agnes Water,Agnes Water,Agnes Water,17,6,4,19,,
16,Airlie Beach,Airlie Beach,Airlie Beach,Airlie Beach,23,6,4,10,51,3346
17,Albany,Albany,Albany,Albany,38,6,8,24,51,121851
18,Alice Springs,Alice Springs,Alice Springs,Alice Springs,44,6,3,16,51,3336
19,Apollo Bay,Apollo Bay,Apollo Bay,Apollo Bay,79,6,7,11,51,115328
20,Arkaroola Village,Arkaroola Village,Arkaroola Village,Arkaroola Village,,6,5,7,,
21,Atherton,Atherton,Atherton,Atherton,,6,4,26,,
22,Atherton Tablelands,Atherton Tablelands,Atherton Tablelands,Atherton Tablelands,106,6,4,26,,
23,Ayers Rock Resort (Yulara),Ayers Rock Resort (Yulara),Ayers Rock Resort (Yulara),Ayers Rock Resort (Yulara),,6,3,16,,
24,"Barossa Valley, Lyndoch","Barossa Valley, Lyndoch","Barossa Valley, Lyndoch","Barossa Valley, Lyndoch",,6,5,20,,
25,"Barossa Valley, Tanunda","Barossa Valley, Tanunda","Barossa Valley, Tanunda","Barossa Valley, Tanunda",,6,5,20,,
26,"Batchelor, Litchfield NP","Batchelor, Litchfield NP","Batchelor, Litchfield NP","Batchelor, Litchfield NP",,6,3,25,,
27,Brisbane,Brisbane,Brisbane,Brisbane,267,6,4,19,51,3337
28,Broome,Broome,Broome,Broome,272,6,8,27,51,3331
29,"Broome, Yardoogarra","Broome, Yardoogarra","Broome, Yardoogarra","Broome, Yardoogarra",,6,8,23,,
30,"Bundaberg, Sharon","Bundaberg, Sharon","Bundaberg, Sharon","Bundaberg, Sharon",,6,4,19,,
31,Busselton,Busselton,Busselton,Busselton,292,6,8,24,51,121852
32,Cairns,Cairns,Cairns,Cairns,305,6,4,26,51,3332
33,"Canberra, Barton","Canberra, Barton","Canberra, Barton","Canberra, Barton",,6,1,5,,
34,Cape Range Nationalpark,Cape Range Nationalpark,Cape Range Nationalpark,Cape Range Nationalpark,,6,8,23,,
35,"Cape Tribulation, Diwan","Cape Tribulation, Diwan","Cape Tribulation, Diwan","Cape Tribulation, Diwan",,6,4,26,,
36,Cervantes,Cervantes,Cervantes,Cervantes,384,6,8,27,,
37,Christmas Island,Christmas Island,Christmas Island,Christmas Island,425,6,,,51,122084
38,Clare,Clare,Clare,Clare,,6,5,20,,
39,Cobbold Gorge (via Forsayth),Cobbold Gorge (via Forsayth),Cobbold Gorge (via Forsayth),Cobbold Gorge (via Forsayth),,6,4,15,,
40,Coffs Harbour,Coffs Harbour,Coffs Harbour,Coffs Harbour,453,6,2,17,,
41,Coles Bay,Coles Bay,Coles Bay,Coles Bay,,6,6,8,,
42,Coober Pedy,Coober Pedy,Coober Pedy,Coober Pedy,466,6,5,20,51,115752
43,Cooktown,Cooktown,Cooktown,Cooktown,467,6,4,26,,
44,"Cooktown, Helenvale","Cooktown, Helenvale","Cooktown, Helenvale","Cooktown, Helenvale",,6,4,26,,
45,Coral Bay,Coral Bay,Coral Bay,Coral Bay,473,6,8,27,51,3356
46,"Corlette, Port Stephens","Corlette, Port Stephens","Corlette, Port Stephens","Corlette, Port Stephens",,6,2,17,,
47,Cradle Mountain Nationalpark,Cradle Mountain Nationalpark,Cradle Mountain Nationalpark,Cradle Mountain Nationalpark,,6,6,6,,
48,"Daintree Nationalpark, Cape Tribulation","Daintree Nationalpark, Cape Tribulation","Daintree Nationalpark, Cape Tribulation","Daintree Nationalpark, Cape Tribulation",,6,4,26,,
49,Dampier Peninsula,Dampier Peninsula,Dampier Peninsula,Dampier Peninsula,,6,8,13,,
50,Darwin,Darwin,Darwin,Darwin,525,6,3,25,51,3338
51,Denham,Denham,Denham,Denham,546,6,8,27,51,121849
52,El Questro Wilderness Park,El Questro Wilderness Park,El Questro Wilderness Park,El Questro Wilderness Park,,6,8,13,,
53,Esperance,Esperance,Esperance,Esperance,625,6,8,24,51,122079
54,Eungella Nationalpark,Eungella Nationalpark,Eungella Nationalpark,Eungella Nationalpark,640,6,4,19,,
55,Exmouth,Exmouth,Exmouth,Exmouth,644,6,8,27,51,6210
56,Fitzroy Crossing,Fitzroy Crossing,Fitzroy Crossing,Fitzroy Crossing,661,6,8,13,,
57,Fitzroy Island,Fitzroy Island,Fitzroy Island,Fitzroy Island,662,6,4,26,,
58,Flinders,Flinders,Flinders,Flinders,,6,7,22,,
59,Fraser Island,Fraser Island,Fraser Island,Fraser Island,698,6,4,10,,
60,Fremantle,Fremantle,Fremantle,Fremantle,704,6,8,23,51,115327
61,Geraldton,Geraldton,Geraldton,Geraldton,733,6,8,27,34,82162
62,Glasshouse Mountains,Glasshouse Mountains,Glasshouse Mountains,Glasshouse Mountains,,6,4,19,,
63,Glen Helen,Glen Helen,Glen Helen,Glen Helen,749,6,3,16,,
64,Halls Creek,Halls Creek,Halls Creek,Halls Creek,836,6,8,13,,
65,Halls Gap,Halls Gap,Halls Gap,Halls Gap,837,6,7,9,,
66,Hamilton,Hamilton,Hamilton,Hamilton,840,6,6,21,34,57758
67,Hamilton Island,Hamilton Island,Hamilton Island,Hamilton Island,841,6,4,10,51,57785
68,Hayman Island,Hayman Island,Hayman Island,Hayman Island,860,6,4,10,,
69,Heron Island,Heron Island,Heron Island,Heron Island,873,6,4,10,,
70,Hervey Bay,Hervey Bay,Hervey Bay,Hervey Bay,874,6,4,19,51,3347
71,Hidden Valley,Hidden Valley,Hidden Valley,Hidden Valley,876,6,4,19,,
72,Hobart,Hobart,Hobart,Hobart,885,6,6,21,51,3340
73,Huskisson,Huskisson,Huskisson,Huskisson,,6,2,17,,
74,"Kakadu Nationalpark, Cooinda","Kakadu Nationalpark, Cooinda","Kakadu Nationalpark, Cooinda","Kakadu Nationalpark, Cooinda",,6,3,25,,
75,"Kakadu Nationalpark, Jabiru","Kakadu Nationalpark, Jabiru","Kakadu Nationalpark, Jabiru","Kakadu Nationalpark, Jabiru",,6,3,25,,
76,Kalbarri,Kalbarri,Kalbarri,Kalbarri,1010,6,8,27,,
77,Kalgoorlie,Kalgoorlie,Kalgoorlie,Kalgoorlie,1011,6,8,24,,
78,Kangaroo Island,Kangaroo Island,Kangaroo Island,Kangaroo Island,1027,6,5,12,,
79,"Kangaroo Island, Cape Willoughby","Kangaroo Island, Cape Willoughby","Kangaroo Island, Cape Willoughby","Kangaroo Island, Cape Willoughby",,6,5,12,,
80,"Kangaroo Island, Hanson Bay","Kangaroo Island, Hanson Bay","Kangaroo Island, Hanson Bay","Kangaroo Island, Hanson Bay",,6,5,12,,
81,"Kangaroo Island, Kingscote","Kangaroo Island, Kingscote","Kangaroo Island, Kingscote","Kangaroo Island, Kingscote",,6,5,12,,
82,"Kangaroo Island, Penneshaw","Kangaroo Island, Penneshaw","Kangaroo Island, Penneshaw","Kangaroo Island, Penneshaw",,6,5,12,,
83,Karijini Nationalpark,Karijini Nationalpark,Karijini Nationalpark,Karijini Nationalpark,1036,6,8,23,,
84,Katherine,Katherine,Katherine,Katherine,1047,6,3,25,51,3343
85,"Katherine, Nitmiluk Nationalpark","Katherine, Nitmiluk Nationalpark","Katherine, Nitmiluk Nationalpark","Katherine, Nitmiluk Nationalpark",,6,3,25,,
86,Kimberleys,Kimberleys,Kimberleys,Kimberleys,,6,8,13,,
87,King Leopold Ranges,King Leopold Ranges,King Leopold Ranges,King Leopold Ranges,,6,8,13,,
88,Kings Canyon,Kings Canyon,Kings Canyon,Kings Canyon,1096,6,3,16,,
89,Kukerin,Kukerin,Kukerin,Kukerin,,6,8,24,,
90,Kununurra,Kununurra,Kununurra,Kununurra,1157,6,8,13,51,3344
91,Lady Elliot Island,Lady Elliot Island,Lady Elliot Island,Lady Elliot Island,1186,6,4,10,,
92,Lakes Entrance,Lakes Entrance,Lakes Entrance,Lakes Entrance,1214,6,7,11,,
93,Lamington Nationalpark,Lamington Nationalpark,Lamington Nationalpark,Lamington Nationalpark,1219,6,4,19,,
94,Launceston,Launceston,Launceston,Launceston,1238,6,6,21,51,3341
95,"Litchfield Nationalpark, Rakula","Litchfield Nationalpark, Rakula","Litchfield Nationalpark, Rakula","Litchfield Nationalpark, Rakula",,6,3,25,,
96,Lizard Island,Lizard Island,Lizard Island,Lizard Island,1285,6,4,10,,
97,Long Island,Long Island,Long Island,Long Island,1291,6,4,10,,
98,Lord Howe Island,Lord Howe Island,Lord Howe Island,Lord Howe Island,1299,6,2,14,,
99,Magnetic Island,Magnetic Island,Magnetic Island,Magnetic Island,1340,6,4,19,51,122133
100,"Magnetic Island, Nelly Bay","Magnetic Island, Nelly Bay","Magnetic Island, Nelly Bay","Magnetic Island, Nelly Bay",,6,4,10,,
101,Maleny,Maleny,Maleny,Maleny,1363,6,4,19,,
102,Margaret River,Margaret River,Margaret River,Margaret River,1402,6,8,24,51,121338
103,"Margaret River, Gnarabup Beach","Margaret River, Gnarabup Beach","Margaret River, Gnarabup Beach","Margaret River, Gnarabup Beach",,6,8,24,,
104,Mary River Conservation Reserve,Mary River Conservation Reserve,Mary River Conservation Reserve,Mary River Conservation Reserve,,6,3,25,,
105,McLaren Flat,McLaren Flat,McLaren Flat,McLaren Flat,,6,5,20,,
106,Melbourne,Melbourne,Melbourne,Melbourne,1466,6,7,22,51,3334
107,Melbourne Airport,Melbourne Airport,Melbourne Airport,Melbourne Airport,,6,7,22,34,51478
108,Mission Beach,Mission Beach,Mission Beach,Mission Beach,1509,6,4,19,51,84127
109,Mitchell Plateau,Mitchell Plateau,Mitchell Plateau,Mitchell Plateau,,6,8,13,,
110,Montville,Montville,Montville,Montville,1545,6,4,19,,
111,Mooloolaba,Mooloolaba,Mooloolaba,Mooloolaba,,6,4,19,,
112,Mossman,Mossman,Mossman,Mossman,1560,6,4,26,,
113,Mount Elizabeth,Mount Elizabeth,Mount Elizabeth,Mount Elizabeth,1565,6,8,13,,
114,Mount Mulligan,Mount Mulligan,Mount Mulligan,Mount Mulligan,1574,6,4,15,,
115,"Mt. Borradaile, Arnhemland","Mt. Borradaile, Arnhemland","Mt. Borradaile, Arnhemland","Mt. Borradaile, Arnhemland",,6,3,25,,
116,Mungo National Park,Mungo National Park,Mungo National Park,Mungo National Park,,6,2,17,,
117,Naracoorte,Naracoorte,Naracoorte,Naracoorte,1633,6,5,20,,
118,"Noosa, Elanda Point","Noosa, Elanda Point","Noosa, Elanda Point","Noosa, Elanda Point",,6,4,19,,
119,"Noosa, Tewantin","Noosa, Tewantin","Noosa, Tewantin","Noosa, Tewantin",,6,4,19,,
120,Oak Beach near Port Douglas,Oak Beach near Port Douglas,Oak Beach near Port Douglas,Oak Beach near Port Douglas,,6,4,26,,
121,Palm Cove,Palm Cove,Palm Cove,Palm Cove,,6,4,26,51,5906
122,Paynesville,Paynesville,Paynesville,Paynesville,1836,6,7,22,,
123,Pemberton,Pemberton,Pemberton,Pemberton,1842,6,8,24,,
124,Perth,Perth,Perth,Perth,1854,6,8,23,51,3335
125,"Perth, Belmont (Airport)","Perth, Belmont (Airport)","Perth, Belmont (Airport)","Perth, Belmont (Airport)",,6,8,23,,
126,"Perth, Scarborough","Perth, Scarborough","Perth, Scarborough","Perth, Scarborough",,6,8,23,,
127,Pokolbin,Pokolbin,Pokolbin,Pokolbin,,6,2,17,,
128,Port Arthur,Port Arthur,Port Arthur,Port Arthur,1911,6,6,21,,
129,Port Augusta,Port Augusta,Port Augusta,Port Augusta,1912,6,5,20,,
130,Port Campbell,Port Campbell,Port Campbell,Port Campbell,1916,6,7,11,,
131,Port Douglas,Port Douglas,Port Douglas,Port Douglas,1917,6,4,26,51,3349
132,Port Fairy,Port Fairy,Port Fairy,Port Fairy,1921,6,7,11,,
133,Port Lincoln,Port Lincoln,Port Lincoln,Port Lincoln,1925,6,5,20,51,6211
134,Port Macquarie,Port Macquarie,Port Macquarie,Port Macquarie,1926,6,2,17,,
135,Purnululu Nationalpark,Purnululu Nationalpark,Purnululu Nationalpark,Purnululu Nationalpark,,6,8,13,,
136,Rainbow Beach,Rainbow Beach,Rainbow Beach,Rainbow Beach,2018,6,4,19,51,37129
137,Rawnsley Park,Rawnsley Park,Rawnsley Park,Rawnsley Park,,6,5,7,,
138,Robe,Robe,Robe,Robe,2061,6,5,20,,
139,Rottnest Island,Rottnest Island,Rottnest Island,Rottnest Island,2081,6,8,23,,
140,Shark Bay,Shark Bay,Shark Bay,Shark Bay,,6,8,27,,
141,St. Helens,St. Helens,St. Helens,St. Helens,2288,6,6,21,,
142,Strahan,Strahan,Strahan,Strahan,2311,6,6,21,51,5904
143,Sydney,Sydney,Sydney,Sydney,2336,6,2,17,51,3330
144,Sydney Airport,Sydney Airport,Sydney Airport,Sydney Airport,,6,2,17,34,51473
145,Tennant Creek,Tennant Creek,Tennant Creek,Tennant Creek,2397,6,3,18,,
146,The Caves (north of Rockhampton),The Caves (north of Rockhampton),The Caves (north of Rockhampton),The Caves (north of Rockhampton),,6,4,19,,
147,Thredbo,Thredbo,Thredbo,Thredbo,2410,6,2,17,,
148,Townsville,Townsville,Townsville,Townsville,2451,6,4,19,51,3350
149,Trinity Beach,Trinity Beach,Trinity Beach,Trinity Beach,,6,4,26,,
150,Undara,Undara,Undara,Undara,2507,6,4,15,,
151,Victor Harbor,Victor Harbor,Victor Harbor,Victor Harbor,2538,6,5,20,,
152,"Wave Rock, Hyden","Wave Rock, Hyden","Wave Rock, Hyden","Wave Rock, Hyden",,6,8,24,,
153,Wilpena Pound,Wilpena Pound,Wilpena Pound,Wilpena Pound,,6,5,7,,
154,"Wilsons Promontory, Tidal River","Wilsons Promontory, Tidal River","Wilsons Promontory, Tidal River","Wilsons Promontory, Tidal River",,6,7,22,,
155,"Wilsons Promontory, Yanakie","Wilsons Promontory, Yanakie","Wilsons Promontory, Yanakie","Wilsons Promontory, Yanakie",,6,7,22,,
156,Hopkins,Hopkins,Hopkins,Hopkins,,7,,29,,
157,Indian Church,Indian Church,Indian Church,Indian Church,,7,,28,,
158,Colchani,Colchani,Colchani,Colchani,,9,,30,,
159,La Paz,La Paz,La Paz,La Paz,1176,9,,,51,3818
160,Madidi Nationalpark,Madidi Nationalpark,Madidi Nationalpark,Madidi Nationalpark,,9,,112,,
161,Sucre,Sucre,Sucre,Sucre,2318,9,,,51,101926
162,Uyuni,Uyuni,Uyuni,Uyuni,2518,9,,,51,119557
163,Central Kalahari,Central Kalahari,Central Kalahari,Central Kalahari,379,10,,33,,
164,Central Kalahari Game Reserve,Central Kalahari Game Reserve,Central Kalahari Game Reserve,Central Kalahari Game Reserve,,10,,33,,
165,Chobe Nationalpark,Chobe Nationalpark,Chobe Nationalpark,Chobe Nationalpark,423,10,,32,,
166,Chobe Nationalpark/Kasane,Chobe Nationalpark/Kasane,Chobe Nationalpark/Kasane,Chobe Nationalpark/Kasane,,10,,32,,
167,Kasane,Kasane,Kasane,Kasane,1041,10,,32,51,3522
168,Khwai,Khwai,Khwai,Khwai,1082,10,,34,,
169,Khwai Community Concession,Khwai Community Concession,Khwai Community Concession,Khwai Community Concession,,10,,34,,
170,Linyanti,Linyanti,Linyanti,Linyanti,1275,10,,35,,
171,Makgadikgadi Pans,Makgadikgadi Pans,Makgadikgadi Pans,Makgadikgadi Pans,1353,10,,36,,
172,Maun,Maun,Maun,Maun,1447,10,,40,51,3524
173,Moremi Game Reserve,Moremi Game Reserve,Moremi Game Reserve,Moremi Game Reserve,1549,10,,37,,
174,Okavango Delta,Okavango Delta,Okavango Delta,Okavango Delta,1734,10,,38,,
175,Savuti,Savuti,Savuti,Savuti,,10,,39,,
176,Savuti Kanal,Savuti Kanal,Savuti Kanal,Savuti Kanal,2194,10,,39,,
177,Tuli Block,Tuli Block,Tuli Block,Tuli Block,2483,10,,40,,
178,Buzios,Buzios,Buzios,Buzios,294,11,,44,,
179,Cuiaba,Cuiaba,Cuiaba,Cuiaba,503,11,,43,51,121470
180,Foz do Iguazu,Foz do Iguazu,Foz do Iguazu,Foz do Iguazu,693,11,,,,
181,"Foz do Iguazu, Parana","Foz do Iguazu, Parana","Foz do Iguazu, Parana","Foz do Iguazu, Parana",,11,,41,,
182,Miranda,Miranda,Miranda,Miranda,,11,,45,,
183,"Morro de São Paulo, Bahia","Morro de São Paulo, Bahia","Morro de São Paulo, Bahia","Morro de São Paulo, Bahia",,11,,45,,
184,Poconé,Poconé,Poconé,Poconé,,11,,43,,
185,Praia do Forte,Praia do Forte,Praia do Forte,Praia do Forte,1948,11,,,,
186,Rio de Janeiro,Rio de Janeiro,Rio de Janeiro,Rio de Janeiro,2052,11,,44,51,3825
187,Salvador da Bahia,Salvador da Bahia,Salvador da Bahia,Salvador da Bahia,2121,11,,,51,3826
188,"Ayllu de Quitor, San Pedro de Atacama","Ayllu de Quitor, San Pedro de Atacama","Ayllu de Quitor, San Pedro de Atacama","Ayllu de Quitor, San Pedro de Atacama",,12,,46,,
189,"Castro, Chiloe","Castro, Chiloe","Castro, Chiloe","Castro, Chiloe",,12,,,,
190,"Cerro Alegre, Valparaiso","Cerro Alegre, Valparaiso","Cerro Alegre, Valparaiso","Cerro Alegre, Valparaiso",,12,,48,,
191,Hanga Roa,Hanga Roa,Hanga Roa,Hanga Roa,,12,,47,,
192,"Los Muernos, Los Lagos","Los Muernos, Los Lagos","Los Muernos, Los Lagos","Los Muernos, Los Lagos",,12,,49,,
193,National Park Torres de Paine,National Park Torres de Paine,National Park Torres de Paine,National Park Torres de Paine,,12,,3,,
194,Nationalpark Torres del Paine,Nationalpark Torres del Paine,Nationalpark Torres del Paine,Nationalpark Torres del Paine,,12,,3,,
195,Osterinsel,Osterinsel,Osterinsel,Osterinsel,1772,12,,,51,3806
196,Patagonia National Park - Chacabuco Valley,Patagonia National Park - Chacabuco Valley,Patagonia National Park - Chacabuco Valley,Patagonia National Park - Chacabuco Valley,,12,,,,
197,Puerto Natales,Puerto Natales,Puerto Natales,Puerto Natales,1975,12,,,51,60637
198,Puerto Varas,Puerto Varas,Puerto Varas,Puerto Varas,1979,12,,49,51,119582
199,Punta Arenas,Punta Arenas,Punta Arenas,Punta Arenas,1986,12,,3,51,3796
200,San Pedro de Atacama,San Pedro de Atacama,San Pedro de Atacama,San Pedro de Atacama,2150,12,,46,51,37120
201,Santiago de Chile,Santiago de Chile,Santiago de Chile,Santiago de Chile,2169,12,,48,51,3793
202,Valparaiso,Valparaiso,Valparaiso,Valparaiso,2523,12,,48,34,119574
203,"Hongkong, Kowloon","Hongkong, Kowloon","Hongkong, Kowloon","Hongkong, Kowloon",,13,,,,
204,Tsim Sha Tsui,Tsim Sha Tsui,Tsim Sha Tsui,Tsim Sha Tsui,,13,,,,
205,Tsimshatsui Kowloon Hong Kong,Tsimshatsui Kowloon Hong Kong,Tsimshatsui Kowloon Hong Kong,Tsimshatsui Kowloon Hong Kong,,13,,,,
206,Aitutaki,Aitutaki,Aitutaki,Aitutaki,25,14,,50,51,122100
207,Amuri,Amuri,Amuri,Amuri,,14,,50,,
208,Arorangi,Arorangi,Arorangi,Arorangi,,14,9,52,,
209,Atiu,Atiu,Atiu,Atiu,107,14,,51,51,122103
210,Matavera District,Matavera District,Matavera District,Matavera District,,14,9,52,,
211,Muri,Muri,Muri,Muri,,14,9,52,,
212,Muri Beach,Muri Beach,Muri Beach,Muri Beach,,14,9,52,,
213,Ootu Beach,Ootu Beach,Ootu Beach,Ootu Beach,,14,,50,,
214,Titikaveka,Titikaveka,Titikaveka,Titikaveka,,14,9,52,,
215,"Titikaveka, Rarotonga","Titikaveka, Rarotonga","Titikaveka, Rarotonga","Titikaveka, Rarotonga",,14,,52,,
216,Vaimaanga,Vaimaanga,Vaimaanga,Vaimaanga,,14,9,52,,
217,Boca Tapada,Boca Tapada,Boca Tapada,Boca Tapada,232,15,,53,51,122051
218,Puerto Carrillo,Puerto Carrillo,Puerto Carrillo,Puerto Carrillo,,15,,55,,
219,Puerto Viejo de Talamanca,Puerto Viejo de Talamanca,Puerto Viejo de Talamanca,Puerto Viejo de Talamanca,,15,,54,51,121978
220,San José,San José,San José,San José,,15,,56,,
221,Tamarindo,Tamarindo,Tamarindo,Tamarindo,2359,15,,55,51,121974
222,Guayaquil,Guayaquil,Guayaquil,Guayaquil,811,17,,57,51,3822
223,Quito,Quito,Quito,Quito,2012,17,,,51,3821
224,Samborondón - Guayaquil,Samborondón - Guayaquil,Samborondón - Guayaquil,Samborondón - Guayaquil,,17,,59,,
225,Beachcomber Island,Beachcomber Island,Beachcomber Island,Beachcomber Island,,18,,60,,
226,Beqa Lagoon,Beqa Lagoon,Beqa Lagoon,Beqa Lagoon,192,18,,64,,
227,Castaway Island,Castaway Island,Castaway Island,Castaway Island,,18,,60,,
228,Denarau Island,Denarau Island,Denarau Island,Denarau Island,,18,,64,,
229,Drawaqa Island,Drawaqa Island,Drawaqa Island,Drawaqa Island,,18,,65,,
230,Kuata Island,Kuata Island,Kuata Island,Kuata Island,,18,,65,,
231,Malolo Island,Malolo Island,Malolo Island,Malolo Island,,18,,60,,
232,Malolo Lai Lai Island,Malolo Lai Lai Island,Malolo Lai Lai Island,Malolo Lai Lai Island,,18,,60,,
233,Mamanucas,Mamanucas,Mamanucas,Mamanucas,,18,,60,,
234,Matamanoa Island,Matamanoa Island,Matamanoa Island,Matamanoa Island,,18,,60,,
235,Matangi Island,Matangi Island,Matangi Island,Matangi Island,,18,,61,,
236,Nacula Island,Nacula Island,Nacula Island,Nacula Island,,18,,65,,
237,Nadi Airport,Nadi Airport,Nadi Airport,Nadi Airport,,18,,64,,
238,Natadola Beach,Natadola Beach,Natadola Beach,Natadola Beach,,18,,64,,
239,Naukacuvu Island,Naukacuvu Island,Naukacuvu Island,Naukacuvu Island,,18,,65,,
240,Nukubati Island,Nukubati Island,Nukubati Island,Nukubati Island,,18,,63,,
241,Pacific Harbour,Pacific Harbour,Pacific Harbour,Pacific Harbour,,18,,64,,
242,Rakiraki,Rakiraki,Rakiraki,Rakiraki,2021,18,,64,,
243,Savu Savu,Savu Savu,Savu Savu,Savu Savu,,18,,63,,
244,Tokoriki Island,Tokoriki Island,Tokoriki Island,Tokoriki Island,,18,,60,,
245,Vomo Island,Vomo Island,Vomo Island,Vomo Island,,18,,60,,
246,Waiyevo,Waiyevo,Waiyevo,Waiyevo,,18,,62,,
247,Yasawas,Yasawas,Yasawas,Yasawas,,18,,65,,
248,Arue,Arue,Arue,Arue,,19,,73,,
249,Avatoru,Avatoru,Avatoru,Avatoru,,19,,71,,
250,Bora Bora,Bora Bora,Bora Bora,Bora Bora,243,19,,66,51,3500
251,"Bora Bora, near Matira Beach","Bora Bora, near Matira Beach","Bora Bora, near Matira Beach","Bora Bora, near Matira Beach",,19,,66,,
252,BP 185  Maharepo,BP 185  Maharepo,BP 185  Maharepo,BP 185  Maharepo,,19,,69,,
253,Fare,Fare,Fare,Fare,,19,,68,,
254,Haapiti,Haapiti,Haapiti,Haapiti,,19,,69,,
255,Maiao,Maiao,Maiao,Maiao,,19,,69,,
256,Motu Omee,Motu Omee,Motu Omee,Motu Omee,,19,,66,,
257,Motu Tautau,Motu Tautau,Motu Tautau,Motu Tautau,,19,,72,,
258,Opoa Beach,Opoa Beach,Opoa Beach,Opoa Beach,,19,,70,,
259,Papeete,Papeete,Papeete,Papeete,,19,,73,51,3498
260,Papetoai,Papetoai,Papetoai,Papetoai,,19,,69,,
261,Pirae,Pirae,Pirae,Pirae,,19,,73,,
262,Punaauia,Punaauia,Punaauia,Punaauia,,19,,73,,
263,Rotoava,Rotoava,Rotoava,Rotoava,,19,,67,,
264,"Tahiti, Faa´a","Tahiti, Faa´a","Tahiti, Faa´a","Tahiti, Faa´a",,19,,73,,
265,Taravao,Taravao,Taravao,Taravao,,19,,73,,
266,Temae,Temae,Temae,Temae,,19,,69,,
267,Tetiaroa,Tetiaroa,Tetiaroa,Tetiaroa,2402,19,,73,,
268,Tiahura - Haapiti,Tiahura - Haapiti,Tiahura - Haapiti,Tiahura - Haapiti,,19,,69,,
269,Tikehau,Tikehau,Tikehau,Tikehau,2414,19,,,,
270,Tuherahera,Tuherahera,Tuherahera,Tuherahera,,19,,74,,
271,Uturoa,Uturoa,Uturoa,Uturoa,,19,,72,,
272,Vaitape,Vaitape,Vaitape,Vaitape,,19,,66,,
273,Isabela,Isabela,Isabela,Isabela,948,20,,75,,
274,San Cristobal,San Cristobal,San Cristobal,San Cristobal,2133,20,,75,51,3823
275,Santa Cruz,Santa Cruz,Santa Cruz,Santa Cruz,2158,20,,75,51,3820
276,Kowloon,Kowloon,Kowloon,Kowloon,,22,,,,
277,Amboseli Nationalpark,Amboseli Nationalpark,Amboseli Nationalpark,Amboseli Nationalpark,57,28,,,,
278,Chale Island,Chale Island,Chale Island,Chale Island,,28,,,,
279,Diani Beach,Diani Beach,Diani Beach,Diani Beach,,28,,,,
280,Lake Naivasha,Lake Naivasha,Lake Naivasha,Lake Naivasha,1205,28,,,,
281,Masai Mara,Masai Mara,Masai Mara,Masai Mara,1420,28,,,51,3532
282,Meru Nationalpark,Meru Nationalpark,Meru Nationalpark,Meru Nationalpark,1482,28,,,,
283,Nairobi,Nairobi,Nairobi,Nairobi,1615,28,,,51,3528
284,Samburu Nationalreservat,Samburu Nationalreservat,Samburu Nationalreservat,Samburu Nationalreservat,2127,28,,,,
285,Tsavo West Nationalpark,Tsavo West Nationalpark,Tsavo West Nationalpark,Tsavo West Nationalpark,2470,28,,,,
286,Watamu,Watamu,Watamu,Watamu,2583,28,,,,
287,Bogota,Bogota,Bogota,Bogota,234,29,,76,51,37987
288,Cartagena,Cartagena,Cartagena,Cartagena,365,29,,,51,37988
289,"El Poblado (Provenza), Medellin","El Poblado (Provenza), Medellin","El Poblado (Provenza), Medellin","El Poblado (Provenza), Medellin",,29,,78,,
290,Isla Mucura,Isla Mucura,Isla Mucura,Isla Mucura,953,29,,77,,
291,Los Naranjos,Los Naranjos,Los Naranjos,Los Naranjos,1307,29,,79,,
292,"Medellín, Antioquia","Medellín, Antioquia","Medellín, Antioquia","Medellín, Antioquia",,29,,78,,
293,Rincon del Mar,Rincon del Mar,Rincon del Mar,Rincon del Mar,2051,29,,79,,
294,Cilaos,Cilaos,Cilaos,Cilaos,430,31,,,,
295,Entre-Deux,Entre-Deux,Entre-Deux,Entre-Deux,,31,,,,
296,Grande Anse,Grande Anse,Grande Anse,Grande Anse,789,31,,,,
297,"Hell-Bourg, Salazie","Hell-Bourg, Salazie","Hell-Bourg, Salazie","Hell-Bourg, Salazie",,31,,,,
298,La Plaine des Cafres,La Plaine des Cafres,La Plaine des Cafres,La Plaine des Cafres,1177,31,,,,
299,La Saline-les-Bains,La Saline-les-Bains,La Saline-les-Bains,La Saline-les-Bains,1181,31,,,,
300,Mare à Vieille Place,Mare à Vieille Place,Mare à Vieille Place,Mare à Vieille Place,,31,,,,
301,Piton de la Fournaise,Piton de la Fournaise,Piton de la Fournaise,Piton de la Fournaise,,31,,,,
302,Piton des Neiges,Piton des Neiges,Piton des Neiges,Piton des Neiges,,31,,,,
303,Saint Leu,Saint Leu,Saint Leu,Saint Leu,2107,31,,,,
304,Saint-Benoît,Saint-Benoît,Saint-Benoît,Saint-Benoît,,31,,,,
305,Saint-Gilles-Les-Bains,Saint-Gilles-Les-Bains,Saint-Gilles-Les-Bains,Saint-Gilles-Les-Bains,,31,,,,
306,Saint-Joseph,Saint-Joseph,Saint-Joseph,Saint-Joseph,,31,,,,
307,Saint-Louis,Saint-Louis,Saint-Louis,Saint-Louis,,31,,,,
308,Sainte-Anne,Sainte-Anne,Sainte-Anne,Sainte-Anne,,31,,,,
309,Salazie,Salazie,Salazie,Salazie,2111,31,,,,
310,St Gilles les Bains,St Gilles les Bains,St Gilles les Bains,St Gilles les Bains,,31,,,,
311,St. Denis,St. Denis,St. Denis,St. Denis,,31,,,51,3542
312,Akanin’ny Nofy,Akanin’ny Nofy,Akanin’ny Nofy,Akanin’ny Nofy,28,33,,,,
313,Antananarivo,Antananarivo,Antananarivo,Antananarivo,72,33,,,51,3541
314,Fort Dauphin,Fort Dauphin,Fort Dauphin,Fort Dauphin,681,33,,,51,119535
315,Ifaty,Ifaty,Ifaty,Ifaty,927,33,,,,
316,Masoala,Masoala,Masoala,Masoala,1424,33,,,,
317,Mitsio Archipel,Mitsio Archipel,Mitsio Archipel,Mitsio Archipel,1512,33,,,,
318,Nosy Be,Nosy Be,Nosy Be,Nosy Be,1703,33,,,51,24576
319,Ranohira,Ranohira,Ranohira,Ranohira,2027,33,,,,
320,Sainte Marie,Sainte Marie,Sainte Marie,Sainte Marie,2109,33,,,,
321,Cape Maclear,Cape Maclear,Cape Maclear,Cape Maclear,349,34,,80,,
322,Chinteche,Chinteche,Chinteche,Chinteche,416,34,,80,,
323,Likoma Island,Likoma Island,Likoma Island,Likoma Island,1266,34,,80,,
324,Liwonde Nationalpark,Liwonde Nationalpark,Liwonde Nationalpark,Liwonde Nationalpark,1284,34,,,,
325,Nankoma Island,Nankoma Island,Nankoma Island,Nankoma Island,1626,34,,80,,
326,Baa Atoll,Baa Atoll,Baa Atoll,Baa Atoll,,36,,,,
327,Haa Dhalu Atoll,Haa Dhalu Atoll,Haa Dhalu Atoll,Haa Dhalu Atoll,,36,,,,
328,North Ari Atoll,North Ari Atoll,North Ari Atoll,North Ari Atoll,,36,,,,
329,North Male Atoll,North Male Atoll,North Male Atoll,North Male Atoll,,36,,,,
330,Noth Male Atoll,Noth Male Atoll,Noth Male Atoll,Noth Male Atoll,,36,,,,
331,Raa Atoll,Raa Atoll,Raa Atoll,Raa Atoll,,36,,,,
332,South Ari Atoll,South Ari Atoll,South Ari Atoll,South Ari Atoll,,36,,,,
333,Upper North Province,Upper North Province,Upper North Province,Upper North Province,,36,,,,
334,Anse La Raie,Anse La Raie,Anse La Raie,Anse La Raie,,37,,81,,
335,Bain Boeuf,Bain Boeuf,Bain Boeuf,Bain Boeuf,,37,,81,51,24577
336,Balaclava,Balaclava,Balaclava,Balaclava,,37,,81,,
337,Belle Mare,Belle Mare,Belle Mare,Belle Mare,,37,,83,,
338,Calodyne,Calodyne,Calodyne,Calodyne,,37,,81,,
339,"Case Noyale, Le Morne","Case Noyale, Le Morne","Case Noyale, Le Morne","Case Noyale, Le Morne",,37,,84,,
340,Chamarel,Chamarel,Chamarel,Chamarel,,37,,84,,
341,Grand River South East,Grand River South East,Grand River South East,Grand River South East,,37,,83,,
342,Le Morne,Le Morne,Le Morne,Le Morne,,37,,84,,
343,Le Morne Peninsula,Le Morne Peninsula,Le Morne Peninsula,Le Morne Peninsula,,37,,84,,
344,Mahebourg,Mahebourg,Mahebourg,Mahebourg,,37,,83,,
345,"Mont Choisy, Pamplemousses","Mont Choisy, Pamplemousses","Mont Choisy, Pamplemousses","Mont Choisy, Pamplemousses",,37,,81,,
346,Pointe aux Cannoniers,Pointe aux Cannoniers,Pointe aux Cannoniers,Pointe aux Cannoniers,,37,,81,,
347,Pointe aux Canonniers,Pointe aux Canonniers,Pointe aux Canonniers,Pointe aux Canonniers,,37,,81,,
348,Pointe aux Piments,Pointe aux Piments,Pointe aux Piments,Pointe aux Piments,,37,,82,,
349,Poste de Flacq,Poste de Flacq,Poste de Flacq,Poste de Flacq,,37,,83,,
350,St. Felix (B10),St. Felix (B10),St. Felix (B10),St. Felix (B10),,37,,84,,
351,Trou d´Eau Douce,Trou d´Eau Douce,Trou d´Eau Douce,Trou d´Eau Douce,,37,,82,,
352,"Wolmar, Flic en Flac","Wolmar, Flic en Flac","Wolmar, Flic en Flac","Wolmar, Flic en Flac",,37,,85,,
353,"Wolmar, Flic en Flax","Wolmar, Flic en Flax","Wolmar, Flic en Flax","Wolmar, Flic en Flax",,37,,84,,
354,Mexico-City,Mexico-City,Mexico-City,Mexico-City,,38,,86,,
355,Playa del Carmen,Playa del Carmen,Playa del Carmen,Playa del Carmen,1889,38,,87,51,121955
356,"Xpu-Ha, Quintana Roo","Xpu-Ha, Quintana Roo","Xpu-Ha, Quintana Roo","Xpu-Ha, Quintana Roo",,38,,87,,
357,Inhambane,Inhambane,Inhambane,Inhambane,937,39,,,,
358,Praia do Barra,Praia do Barra,Praia do Barra,Praia do Barra,,39,,,,
359,Praia do Tofo,Praia do Tofo,Praia do Tofo,Praia do Tofo,1949,39,,,,
360,"Santa Maria, Machangulo","Santa Maria, Machangulo","Santa Maria, Machangulo","Santa Maria, Machangulo",,39,,,,
361,Vilanculos,Vilanculos,Vilanculos,Vilanculos,2543,39,,,51,8870
362,Aus,Aus,Aus,Aus,116,41,,94,,
363,Bagani,Bagani,Bagani,Bagani,,41,,95,,
364,Bwabwata Nationalpark,Bwabwata Nationalpark,Bwabwata Nationalpark,Bwabwata Nationalpark,295,41,,95,,
365,Epupa Falls,Epupa Falls,Epupa Falls,Epupa Falls,,41,,88,,
366,Erongo,Erongo,Erongo,Erongo,,41,,94,,
367,Etosha Nationalpark,Etosha Nationalpark,Etosha Nationalpark,Etosha Nationalpark,,41,,89,51,36781
368,"Etosha Nationalpark, Andersson Tor","Etosha Nationalpark, Andersson Tor","Etosha Nationalpark, Andersson Tor","Etosha Nationalpark, Andersson Tor",,41,,89,,
369,"Etosha Nationalpark, Von Lindequist Tor","Etosha Nationalpark, Von Lindequist Tor","Etosha Nationalpark, Von Lindequist Tor","Etosha Nationalpark, Von Lindequist Tor",,41,,89,,
370,Fish River Canyon,Fish River Canyon,Fish River Canyon,Fish River Canyon,658,41,,90,51,3535
371,Grootfontein,Grootfontein,Grootfontein,Grootfontein,804,41,,94,,
372,"Kalimbeza, Katima Mulilo","Kalimbeza, Katima Mulilo","Kalimbeza, Katima Mulilo","Kalimbeza, Katima Mulilo",,41,,95,,
373,Kalkrand,Kalkrand,Kalkrand,Kalkrand,1014,41,,91,,
374,Kamanjab,Kamanjab,Kamanjab,Kamanjab,1016,41,,88,,
375,Kaokoland,Kaokoland,Kaokoland,Kaokoland,,41,,88,,
376,Khorixas,Khorixas,Khorixas,Khorixas,1080,41,,88,,
377,Kongola,Kongola,Kongola,Kongola,1138,41,,95,,
378,Lüderitz,Lüderitz,Lüderitz,Lüderitz,1322,41,,92,,
379,Mariental,Mariental,Mariental,Mariental,1404,41,,91,,
380,NamibRand Nature Reserve,NamibRand Nature Reserve,NamibRand Nature Reserve,NamibRand Nature Reserve,,41,,93,,
381,Otjiwarongo,Otjiwarongo,Otjiwarongo,Otjiwarongo,1776,41,,94,,
382,Seeheim,Seeheim,Seeheim,Seeheim,,41,,90,,
383,Sinclair Nature Reserve,Sinclair Nature Reserve,Sinclair Nature Reserve,Sinclair Nature Reserve,,41,,93,,
384,Skelettküste,Skelettküste,Skelettküste,Skelettküste,,41,,92,,
385,Solitaire,Solitaire,Solitaire,Solitaire,2257,41,,93,,
386,Sossusvlei,Sossusvlei,Sossusvlei,Sossusvlei,,41,,93,,
387,Swakopmund,Swakopmund,Swakopmund,Swakopmund,2332,41,,92,51,3534
388,Tirasberge,Tirasberge,Tirasberge,Tirasberge,2422,41,,93,,
389,Twyfelfontein,Twyfelfontein,Twyfelfontein,Twyfelfontein,2494,41,,88,,
390,Ugab River,Ugab River,Ugab River,Ugab River,,41,,88,,
391,Uhlenhorst,Uhlenhorst,Uhlenhorst,Uhlenhorst,,41,,91,,
392,Usakos,Usakos,Usakos,Usakos,2512,41,,94,,
393,Windhoek,Windhoek,Windhoek,Windhoek,2639,41,,94,51,3521
394,"Windhoek, Klein-Windhoek","Windhoek, Klein-Windhoek","Windhoek, Klein-Windhoek","Windhoek, Klein-Windhoek",,41,,94,,
395,Lifou,Lifou,Lifou,Lifou,1262,43,,,,
396,Nouméa,Nouméa,Nouméa,Nouméa,,43,,,51,3509
397,Ouvea,Ouvea,Ouvea,Ouvea,1784,43,,,,
398,Port Boise,Port Boise,Port Boise,Port Boise,1915,43,,,,
399,Tadine,Tadine,Tadine,Tadine,,43,,,,
400,Vao,Vao,Vao,Vao,,43,,,,
401,Abel Tasman National Park,Abel Tasman National Park,Abel Tasman National Park,Abel Tasman National Park,,44,,96,,
402,Akaroa,Akaroa,Akaroa,Akaroa,29,44,10,99,51,115255
403,Akaroa (Christchurch),Akaroa (Christchurch),Akaroa (Christchurch),Akaroa (Christchurch),,44,10,99,,
404,Auckland,Auckland,Auckland,Auckland,112,44,,,51,3345
405,Auckland Airport,Auckland Airport,Auckland Airport,Auckland Airport,,44,,,34,51477
406,Blenheim,Blenheim,Blenheim,Blenheim,225,44,10,102,51,3496
407,Catlins,Catlins,Catlins,Catlins,369,44,10,105,51,121803
408,Christchurch,Christchurch,Christchurch,Christchurch,424,44,10,99,51,3353
409,"Clyde, Central Otago","Clyde, Central Otago","Clyde, Central Otago","Clyde, Central Otago",,44,10,105,,
410,Dunedin,Dunedin,Dunedin,Dunedin,582,44,10,105,51,21543
411,Fox Glacier,Fox Glacier,Fox Glacier,Fox Glacier,692,44,10,110,51,61036
412,Franz Josef,Franz Josef,Franz Josef,Franz Josef,,44,10,110,51,21544
413,Glenorchy,Glenorchy,Glenorchy,Glenorchy,750,44,10,105,,
414,Greymouth,Greymouth,Greymouth,Greymouth,802,44,10,110,51,122102
415,Havelock North,Havelock North,Havelock North,Havelock North,856,44,,101,,
416,Hokianga,Hokianga,Hokianga,Hokianga,,44,,104,,
417,Hokitika,Hokitika,Hokitika,Hokitika,888,44,10,110,34,57762
418,Kaikoura,Kaikoura,Kaikoura,Kaikoura,1006,44,10,99,51,121952
419,Kaiteriteri,Kaiteriteri,Kaiteriteri,Kaiteriteri,,44,10,96,,
420,Lake Tekapo,Lake Tekapo,Lake Tekapo,Lake Tekapo,1212,44,10,99,51,121951
421,Mangonui,Mangonui,Mangonui,Mangonui,,44,,104,,
422,Mapua Village,Mapua Village,Mapua Village,Mapua Village,,44,10,96,,
423,Marahau Beach,Marahau Beach,Marahau Beach,Marahau Beach,,44,10,96,,
424,Martinborough,Martinborough,Martinborough,Martinborough,1413,44,,109,,
425,Mount Cook,Mount Cook,Mount Cook,Mount Cook,1564,44,10,99,51,115254
426,Mt. Ruapehu,Mt. Ruapehu,Mt. Ruapehu,Mt. Ruapehu,,44,,,,
427,Napier,Napier,Napier,Napier,1630,44,,,51,3359
428,National Park,National Park,National Park,National Park,,44,,108,,
429,Nelson,Nelson,Nelson,Nelson,1647,44,10,103,51,3497
430,New Plymouth,New Plymouth,New Plymouth,New Plymouth,1658,44,,107,34,57768
431,Oamaru,Oamaru,Oamaru,Oamaru,1722,44,,,51,122097
432,Ohakune,Ohakune,Ohakune,Ohakune,1727,44,,108,,
433,Orewa,Orewa,Orewa,Orewa,1760,44,,97,,
434,Owhango,Owhango,Owhango,Owhango,1785,44,,100,,
435,Paihia,Paihia,Paihia,Paihia,1798,44,,104,51,3354
436,Pauanui,Pauanui,Pauanui,Pauanui,,44,,100,,
437,Peka Peka (Kapiti Coast),Peka Peka (Kapiti Coast),Peka Peka (Kapiti Coast),Peka Peka (Kapiti Coast),,44,,109,,
438,Picton,Picton,Picton,Picton,1872,44,10,102,51,21542
439,Punakaiki,Punakaiki,Punakaiki,Punakaiki,1983,44,10,,,
440,Queen Charlotte Sound (Marlborough),Queen Charlotte Sound (Marlborough),Queen Charlotte Sound (Marlborough),Queen Charlotte Sound (Marlborough),,44,10,102,,
441,Queenstown,Queenstown,Queenstown,Queenstown,2005,44,10,105,51,3363
442,Rotorua,Rotorua,Rotorua,Rotorua,2080,44,,100,51,3358
443,Takaka,Takaka,Takaka,Takaka,,44,10,96,,
444,Taupo,Taupo,Taupo,Taupo,2383,44,,100,51,21539
445,"Tauranga, Mt. Maunganui","Tauranga, Mt. Maunganui","Tauranga, Mt. Maunganui","Tauranga, Mt. Maunganui",,44,,98,,
446,Te Anau,Te Anau,Te Anau,Te Anau,2387,44,10,106,51,3364
447,Tekapo,Tekapo,Tekapo,Tekapo,2391,44,,,,
448,The Catlins,The Catlins,The Catlins,The Catlins,,44,10,105,,
449,Tongariro Nationalpark,Tongariro Nationalpark,Tongariro Nationalpark,Tongariro Nationalpark,2441,44,,108,,
450,Turangi,Turangi,Turangi,Turangi,2487,44,,,,
451,Twizel,Twizel,Twizel,Twizel,2493,44,10,99,,
452,Waiheke Island,Waiheke Island,Waiheke Island,Waiheke Island,2562,44,,97,,
453,Waipoua Forest,Waipoua Forest,Waipoua Forest,Waipoua Forest,2566,44,,104,,
454,Waitomo,Waitomo,Waitomo,Waitomo,2568,44,,100,51,115252
455,Wanaka,Wanaka,Wanaka,Wanaka,2574,44,10,105,,
456,Wanganui,Wanganui,Wanganui,Wanganui,2575,44,,108,34,57775
457,Warkworth,Warkworth,Warkworth,Warkworth,2578,44,,97,,
458,Wellington,Wellington,Wellington,Wellington,2592,44,,109,51,3495
459,Whakatane,Whakatane,Whakatane,Whakatane,2604,44,,98,34,57777
460,Whitianga,Whitianga,Whitianga,Whitianga,,44,,100,,
461,Bocas del Toro,Bocas del Toro,Bocas del Toro,Bocas del Toro,,46,,111,51,122037
462,Panama-City,Panama-City,Panama-City,Panama-City,1811,46,,111,,
463,Riviera Pacifica,Riviera Pacifica,Riviera Pacifica,Riviera Pacifica,2057,46,,111,,
464,"Kimbe, Cannonvale","Kimbe, Cannonvale","Kimbe, Cannonvale","Kimbe, Cannonvale",,47,,,,
465,Aguas Calientes,Aguas Calientes,Aguas Calientes,Aguas Calientes,19,48,,113,51,103128
466,Arequipa,Arequipa,Arequipa,Arequipa,84,48,,115,51,3815
467,"Barranco, Lima","Barranco, Lima","Barranco, Lima","Barranco, Lima",,48,,,,
468,"Caylloma, Valle del Colca","Caylloma, Valle del Colca","Caylloma, Valle del Colca","Caylloma, Valle del Colca",,48,,115,,
469,Cusco,Cusco,Cusco,Cusco,511,48,,113,51,3817
470,Huayoccari,Huayoccari,Huayoccari,Huayoccari,,48,,,,
471,Lima,Lima,Lima,Lima,1272,48,,,51,3794
472,Mancora,Mancora,Mancora,Mancora,1377,48,,114,,
473,Nasca,Nasca,Nasca,Nasca,1637,48,,115,51,103127
474,Paracas,Paracas,Paracas,Paracas,1817,48,,115,51,103126
475,Puno,Puno,Puno,Puno,1985,48,,116,51,3816
476,Puno - Lake Titicaca,Puno - Lake Titicaca,Puno - Lake Titicaca,Puno - Lake Titicaca,,48,,,,
477,"San Blas, Cusco","San Blas, Cusco","San Blas, Cusco","San Blas, Cusco",,48,,113,,
478,Tambopata Naturreservat / Puerto Maldonado,Tambopata Naturreservat / Puerto Maldonado,Tambopata Naturreservat / Puerto Maldonado,Tambopata Naturreservat / Puerto Maldonado,,48,,112,,
479,Urquillos,Urquillos,Urquillos,Urquillos,,48,,,,
480,"Yucay, Urubamba","Yucay, Urubamba","Yucay, Urubamba","Yucay, Urubamba",,48,,113,,
481,"Zorritos, Tumbes","Zorritos, Tumbes","Zorritos, Tumbes","Zorritos, Tumbes",,48,,114,,
482,Aleipata,Aleipata,Aleipata,Aleipata,,52,,,,
483,Apia,Apia,Apia,Apia,,52,,,51,3507
484,Asau,Asau,Asau,Asau,,52,,,,
485,Aufaga,Aufaga,Aufaga,Aufaga,,52,,,,
486,Fa'asaleleaga,Fa'asaleleaga,Fa'asaleleaga,Fa'asaleleaga,,52,,,,
487,Fagamalo,Fagamalo,Fagamalo,Fagamalo,,52,,,,
488,Lefaga,Lefaga,Lefaga,Lefaga,,52,,,,
489,Maninoa,Maninoa,Maninoa,Maninoa,,52,,,,
490,Matatufu,Matatufu,Matatufu,Matatufu,,52,,,,
491,Siumu,Siumu,Siumu,Siumu,,52,,,,
492,Alphonse Island,Alphonse Island,Alphonse Island,Alphonse Island,49,53,,,,
493,Bird Island,Bird Island,Bird Island,Bird Island,216,53,,,,
494,Denis Island,Denis Island,Denis Island,Denis Island,547,53,,,,
495,La Digue,La Digue,La Digue,La Digue,1169,53,,,51,121930
496,Mahé,Mahé,Mahé,Mahé,,53,,,51,3537
497,Praslin,Praslin,Praslin,Praslin,1950,53,,,51,3538
498,"Round Island, Seychelles","Round Island, Seychelles","Round Island, Seychelles","Round Island, Seychelles",,53,,,,
499,Silhouette Island,Silhouette Island,Silhouette Island,Silhouette Island,,53,,,,
500,Singapur,Singapur,Singapur,Singapur,2248,54,,,51,4128
501,Addo Elephant Nationalpark,Addo Elephant Nationalpark,Addo Elephant Nationalpark,Addo Elephant Nationalpark,,56,,119,,
502,Amakhala Game Reserve,Amakhala Game Reserve,Amakhala Game Reserve,Amakhala Game Reserve,55,56,,119,,
503,Augrabies Falls Nationalpark,Augrabies Falls Nationalpark,Augrabies Falls Nationalpark,Augrabies Falls Nationalpark,,56,,124,,
504,Babanango Game Reserve,Babanango Game Reserve,Babanango Game Reserve,Babanango Game Reserve,122,56,,128,,
505,Ballito,Ballito,Ballito,Ballito,139,56,,126,,
506,Balule Private Nature Reserve,Balule Private Nature Reserve,Balule Private Nature Reserve,Balule Private Nature Reserve,,56,,121,,
507,Cape St. Francis,Cape St. Francis,Cape St. Francis,Cape St. Francis,,56,,119,,
508,Chintsa East,Chintsa East,Chintsa East,Chintsa East,418,56,,119,,
509,Clanwilliam,Clanwilliam,Clanwilliam,Clanwilliam,432,56,,126,,
510,De Hoop Nature Reserve,De Hoop Nature Reserve,De Hoop Nature Reserve,De Hoop Nature Reserve,532,56,,119,,
511,De Kelders - Gansbaai,De Kelders - Gansbaai,De Kelders - Gansbaai,De Kelders - Gansbaai,,56,,126,,
512,Drakensberge,Drakensberge,Drakensberge,Drakensberge,571,56,,117,,
513,Franschhoek,Franschhoek,Franschhoek,Franschhoek,696,56,,127,,
514,Fresnaye,Fresnaye,Fresnaye,Fresnaye,,56,,120,,
515,Gqeberha (Port Elizabeth),Gqeberha (Port Elizabeth),Gqeberha (Port Elizabeth),Gqeberha (Port Elizabeth),,56,,119,,
516,"Greater Pilanesberg National Park, Black Rhino Game Reserve","Greater Pilanesberg National Park, Black Rhino Game Reserve","Greater Pilanesberg National Park, Black Rhino Game Reserve","Greater Pilanesberg National Park, Black Rhino Game Reserve",,56,,123,,
517,Green Kalahari,Green Kalahari,Green Kalahari,Green Kalahari,,56,,124,,
518,Hazyview,Hazyview,Hazyview,Hazyview,861,56,,125,,
519,Hermanus,Hermanus,Hermanus,Hermanus,872,56,,126,,
520,Hluhluwe,Hluhluwe,Hluhluwe,Hluhluwe,883,56,,128,,
521,Hluhluwe iMfolozi Game Reserve,Hluhluwe iMfolozi Game Reserve,Hluhluwe iMfolozi Game Reserve,Hluhluwe iMfolozi Game Reserve,,56,,128,,
522,Hoedspruit,Hoedspruit,Hoedspruit,Hoedspruit,886,56,,121,51,3520
523,iSimangaliso Wetland Park,iSimangaliso Wetland Park,iSimangaliso Wetland Park,iSimangaliso Wetland Park,,56,,128,,
524,Johannesburg,Johannesburg,Johannesburg,Johannesburg,990,56,,126,51,3515
525,Cape Town,Kapstadt,Kapstadt,Kaapstad,1033,56,,120,51,3511
526,Kariega Game Reserve,Kariega Game Reserve,Kariega Game Reserve,Kariega Game Reserve,1035,56,,119,,
527,Kgalagadi Transfrontier Nationalpark,Kgalagadi Transfrontier Nationalpark,Kgalagadi Transfrontier Nationalpark,Kgalagadi Transfrontier Nationalpark,,56,,124,,
528,Klaserie Private Nature Reserve,Klaserie Private Nature Reserve,Klaserie Private Nature Reserve,Klaserie Private Nature Reserve,1105,56,,121,,
529,Knysna,Knysna,Knysna,Knysna,1109,56,,119,,
530,Krüger Nationalpark,Krüger Nationalpark,Krüger Nationalpark,Krüger Nationalpark,,56,,121,,
531,Ladysmith,Ladysmith,Ladysmith,Ladysmith,1187,56,,117,,
532,Langebaan,Langebaan,Langebaan,Langebaan,1225,56,,126,,
533,Mabula Game Reserve,Mabula Game Reserve,Mabula Game Reserve,Mabula Game Reserve,1325,56,,123,,
534,Madikwe Game Reserve,Madikwe Game Reserve,Madikwe Game Reserve,Madikwe Game Reserve,1333,56,,122,,
535,MalaMala Game Reserve,MalaMala Game Reserve,MalaMala Game Reserve,MalaMala Game Reserve,,56,,121,,
536,Mhlambanyatsi,Mhlambanyatsi,Mhlambanyatsi,Mhlambanyatsi,,56,,118,,
537,Mkambati Nature Reserve,Mkambati Nature Reserve,Mkambati Nature Reserve,Mkambati Nature Reserve,,56,,119,,
538,Mkuze,Mkuze,Mkuze,Mkuze,1515,56,,128,,
539,Montagu,Montagu,Montagu,Montagu,1532,56,,126,,
540,Mossel Bay,Mossel Bay,Mossel Bay,Mossel Bay,1559,56,,119,,
541,Nkomazi Private Game Reserve,Nkomazi Private Game Reserve,Nkomazi Private Game Reserve,Nkomazi Private Game Reserve,,56,,126,,
542,Ohrigstad,Ohrigstad,Ohrigstad,Ohrigstad,1728,56,,125,,
543,Oudtshoorn,Oudtshoorn,Oudtshoorn,Oudtshoorn,1780,56,,119,,
544,Oyster Bay,Oyster Bay,Oyster Bay,Oyster Bay,1786,56,,119,,
545,Paternoster,Paternoster,Paternoster,Paternoster,1831,56,,126,,
546,Phalaborwa,Phalaborwa,Phalaborwa,Phalaborwa,1858,56,,121,,
547,Phuthaditjhaba,Phuthaditjhaba,Phuthaditjhaba,Phuthaditjhaba,,56,,117,,
548,Plettenberg Bay,Plettenberg Bay,Plettenberg Bay,Plettenberg Bay,1894,56,,119,,
549,Pongola,Pongola,Pongola,Pongola,1904,56,,128,,
550,Port Alfred,Port Alfred,Port Alfred,Port Alfred,1909,56,,119,,
551,Pretoria,Pretoria,Pretoria,Pretoria,1952,56,,126,51,3512
552,Qwabi Private Game Reserve,Qwabi Private Game Reserve,Qwabi Private Game Reserve,Qwabi Private Game Reserve,,56,,126,,
553,Sabi Sand Game Reserve,Sabi Sand Game Reserve,Sabi Sand Game Reserve,Sabi Sand Game Reserve,2092,56,,121,,
554,Salt Rock,Salt Rock,Salt Rock,Salt Rock,,56,,128,,
555,Sedgefield,Sedgefield,Sedgefield,Sedgefield,,56,,119,,
556,Simon´s Town,Simon´s Town,Simon´s Town,Simon´s Town,,56,,120,,
557,Soutpansberg Mountains,Soutpansberg Mountains,Soutpansberg Mountains,Soutpansberg Mountains,,56,,123,,
558,St. Francis Bay,St. Francis Bay,St. Francis Bay,St. Francis Bay,2286,56,,119,,
559,St. Lucia,St. Lucia,St. Lucia,St. Lucia,2295,56,,128,,
560,Stellenbosch,Stellenbosch,Stellenbosch,Stellenbosch,2304,56,,127,,
561,Storms River Village,Storms River Village,Storms River Village,Storms River Village,,56,,119,,
562,Swellendam,Swellendam,Swellendam,Swellendam,2335,56,,126,,
563,Timbavati Game Reserve,Timbavati Game Reserve,Timbavati Game Reserve,Timbavati Game Reserve,2419,56,,121,,
564,Tsitsikamma Nationalpark,Tsitsikamma Nationalpark,Tsitsikamma Nationalpark,Tsitsikamma Nationalpark,,56,,119,,
565,Welgevonden Private Game Reserve,Welgevonden Private Game Reserve,Welgevonden Private Game Reserve,Welgevonden Private Game Reserve,,56,,123,,
566,White River,White River,White River,White River,2614,56,,125,,
567,Arusha,Arusha,Arusha,Arusha,94,57,,,51,3529
568,Bagamoyo,Bagamoyo,Bagamoyo,Bagamoyo,126,57,,,,
569,Katavi Nationalpark,Katavi Nationalpark,Katavi Nationalpark,Katavi Nationalpark,1046,57,,,,
570,Lake Manyara Nationalpark,Lake Manyara Nationalpark,Lake Manyara Nationalpark,Lake Manyara Nationalpark,1203,57,,,,
571,Mafia Island,Mafia Island,Mafia Island,Mafia Island,1338,57,,,,
572,Mahale Mountain Nationalpark,Mahale Mountain Nationalpark,Mahale Mountain Nationalpark,Mahale Mountain Nationalpark,,57,,,,
573,Ngorongoro Krater,Ngorongoro Krater,Ngorongoro Krater,Ngorongoro Krater,1672,57,,,,
574,Nyerere Nationalpark,Nyerere Nationalpark,Nyerere Nationalpark,Nyerere Nationalpark,1715,57,,,,
575,Pemba Island,Pemba Island,Pemba Island,Pemba Island,1841,57,,,,
576,Ruaha Nationalpark,Ruaha Nationalpark,Ruaha Nationalpark,Ruaha Nationalpark,2083,57,,,,
577,Serengeti Nationalpark,Serengeti Nationalpark,Serengeti Nationalpark,Serengeti Nationalpark,2217,57,,,,
578,Tarangire Nationalpark,Tarangire Nationalpark,Tarangire Nationalpark,Tarangire Nationalpark,2372,57,,,,
579,Zanzibar,Zanzibar,Zanzibar,Zanzibar,2686,57,,,51,3530
580,Haapai,Haapai,Haapai,Haapai,823,59,,,,
581,Nukualofa,Nukualofa,Nukualofa,Nukualofa,,59,,,,
582,Otea,Otea,Otea,Otea,,59,,,,
583,Asheville,Asheville,Asheville,Asheville,,61,12,,,
584,Bradenton,Bradenton,Bradenton,Bradenton,,61,11,,,
585,Charleston,Charleston,Charleston,Charleston,386,61,13,,,
586,Charlotte,Charlotte,Charlotte,Charlotte,,61,12,,51,121726
587,Culver City,Culver City,Culver City,Culver City,,61,,,,
588,"Duck, Outer Banks","Duck, Outer Banks","Duck, Outer Banks","Duck, Outer Banks",,61,12,,,
589,Hana,Hana,Hana,Hana,,61,,132,,
590,Hilton Head Island,Hilton Head Island,Hilton Head Island,Hilton Head Island,,61,13,,,
591,"Hollywood, CA","Hollywood, CA","Hollywood, CA","Hollywood, CA",,61,,,,
592,Honolulu,Honolulu,Honolulu,Honolulu,896,61,,134,51,121451
593,Kaanapali,Kaanapali,Kaanapali,Kaanapali,,61,,132,,
594,Kahuku,Kahuku,Kahuku,Kahuku,,61,,134,,
595,Kapa'a,Kapa'a,Kapa'a,Kapa'a,,61,,130,,
596,Kaunakakai,Kaunakakai,Kaunakakai,Kaunakakai,,61,,133,,
597,Keauhou,Keauhou,Keauhou,Keauhou,,61,,129,,
598,Kihei,Kihei,Kihei,Kihei,1086,61,,132,,
599,Kohala,Kohala,Kohala,Kohala,,61,,129,,
600,Koloa,Koloa,Koloa,Koloa,,61,,130,,
601,Kona,Kona,Kona,Kona,1135,61,,129,51,121453
602,Lahaina,Lahaina,Lahaina,Lahaina,,61,,132,51,121603
603,Lanai City,Lanai City,Lanai City,Lanai City,,61,,131,,
604,Lihue,Lihue,Lihue,Lihue,1264,61,,130,,
605,Marina del Rey/Los Angeles,Marina del Rey/Los Angeles,Marina del Rey/Los Angeles,Marina del Rey/Los Angeles,,61,,,,
606,Myrtle Beach,Myrtle Beach,Myrtle Beach,Myrtle Beach,,61,13,,,
607,Naples,Naples,Naples,Naples,,61,11,,,
608,New York,New York,New York,New York,1660,61,,,51,121439
609,Poipu Beach,Poipu Beach,Poipu Beach,Poipu Beach,,61,,130,,
610,San Francisco,San Francisco,San Francisco,San Francisco,2137,61,,,51,121437
611,Sarasota,Sarasota,Sarasota,Sarasota,,61,11,,,
612,Volcano Village,Volcano Village,Volcano Village,Volcano Village,,61,,129,,
613,Wailea,Wailea,Wailea,Wailea,,61,,132,,
614,Waimea,Waimea,Waimea,Waimea,,61,,130,,
615,Aore Island,Aore Island,Aore Island,Aore Island,,62,,,,
616,Lenakel,Lenakel,Lenakel,Lenakel,,62,,,,
617,Luganville,Luganville,Luganville,Luganville,,62,,,51,24570
618,Port Vila,Port Vila,Port Vila,Port Vila,,62,,,51,3510
619,Dubai,Dubai,Dubai,Dubai,575,63,,,51,24575
620,Kafue Nationalpark,Kafue Nationalpark,Kafue Nationalpark,Kafue Nationalpark,,65,,137,,
621,Liuwa Plains Nationalpark,Liuwa Plains Nationalpark,Liuwa Plains Nationalpark,Liuwa Plains Nationalpark,,65,,137,,
622,Livingstone,Livingstone,Livingstone,Livingstone,1282,65,,140,51,3523
623,Lower Zambezi Nationalpark,Lower Zambezi Nationalpark,Lower Zambezi Nationalpark,Lower Zambezi Nationalpark,,65,,135,,
624,South Luangwa Nationalpark,South Luangwa Nationalpark,South Luangwa Nationalpark,South Luangwa Nationalpark,,65,,136,,
625,Gonarezhou NP,Gonarezhou NP,Gonarezhou NP,Gonarezhou NP,760,66,,141,,
626,Hwange Nationalpark,Hwange Nationalpark,Hwange Nationalpark,Hwange Nationalpark,,66,,138,,
627,Lake Kariba,Lake Kariba,Lake Kariba,Lake Kariba,1201,66,,,,
628,Mana Pools,Mana Pools,Mana Pools,Mana Pools,1372,66,,,,
629,Mana Pools Nationalpark,Mana Pools Nationalpark,Mana Pools Nationalpark,Mana Pools Nationalpark,,66,,141,,
630,Nyanga Nationalpark,Nyanga Nationalpark,Nyanga Nationalpark,Nyanga Nationalpark,,66,,139,,
631,Victoria Falls,Victoria Falls,Victoria Falls,Victoria Falls,2540,66,,140,51,3514
